submission_id,respondent,timestamp,input_movies,our_system_1,our_system_2,our_system_3,popular_1,popular_2,popular_3,highest_rated_1,highest_rated_2,highest_rated_3,random_1,random_2,random_3
S001,ברק יוניוב,12:44.9,The Shawshank Redemption (1994); Pirates of the Caribbean: The Curse of the Black Pearl (2003); Inception (2010),Intouchables (2011),The Prestige (2006),Interstellar (2014),Forrest Gump (1994),Pulp Fiction (1994),The Matrix (1999),The Godfather (1972),Planet Earth (2006),Band of Brothers (2001),Miss Dial (2013),Destination Wedding (2018),Yamato (2005)
S002,יובל ספרן,15:08.1,Big (1988); Good Will Hunting (1997); About Time (2013),Rain Man (1988),Dead Poets Society (1989),As Good As It Gets (1997),The Shawshank Redemption (1994),Forrest Gump (1994),Pulp Fiction (1994),The Shawshank Redemption (1994),The Godfather (1972),Planet Earth (2006),Todd McFarlane: Like Hell I Won't (2020),De platte jungle (1978),Dune World (2021)
S003,איתי,22:22.8,The Lion King (1994); Catch Me If You Can (2002); What Happens in Vegas... (2008),Aladdin (1992),Beauty and the Beast (1991),Pocahontas (1995),The Shawshank Redemption (1994),Forrest Gump (1994),Pulp Fiction (1994),The Shawshank Redemption (1994),The Godfather (1972),Planet Earth (2006),Witchblade (2000),Death Smiles on a Murderer (1973),Skid Row (2007)
S004,רוני,51:35.5,Seven (Se7en) (1995); Happy Gilmore (1996); Forrest Gump (1994),Love/Loss (2010),Mayday (2005),The Whistle-Blower (2001),The Shawshank Redemption (1994),Pulp Fiction (1994),The Matrix (1999),The Shawshank Redemption (1994),The Godfather (1972),Planet Earth (2006),Whoopi Goldberg Presents Moms Mabley (2013),Land of the Pharaohs (1955),Tanu Weds Manu (2011)
S005,Aviv Dimri,37:42.9,Titanic (1997); The Wolf of Wall Street (2013); Harry Potter and the Chamber of Secrets (2002),Love Song for Tough Guys (2021),Harry Potter and the Prisoner of Azkaban (2004),Harry Potter and the Goblet of Fire (2005),The Shawshank Redemption (1994),Forrest Gump (1994),Pulp Fiction (1994),The Shawshank Redemption (1994),The Godfather (1972),Planet Earth (2006),Reunion (1989),Men Without Wings (Muzi bez kridel) (1946),Welcome to 'All Saints (2011)
S006,Matan Peleg,42:07.0,Fight Club (1999); Inception (2010); Whiplash (2014),The Mafia Triangle (1981),Interstellar (2014),Typhoon Noruda (2015),The Shawshank Redemption (1994),Forrest Gump (1994),Pulp Fiction (1994),The Shawshank Redemption (1994),The Godfather (1972),Planet Earth (2006),A Prince for Christmas (2015),Summertime (2020),Broken (2006)
S007,meitar,52:16.7,Interstellar (2014); Fight Club (1999); Mean Girls (2004),Typhoon Noruda (2015),The Mafia Triangle (1981),Project Pay Day (2021),The Shawshank Redemption (1994),Forrest Gump (1994),Pulp Fiction (1994),The Shawshank Redemption (1994),The Godfather (1972),Planet Earth (2006),Masked & Anonymous (2003),Devil's Tree: Rooted Evil (2018),Gorilla at Large (1954)
S008,ערן,17:56.3,Gone Girl (2014); Memento (2000); Shutter Island (2010),The Prestige (2006),The Departed (2006),The Machinist (2004),The Shawshank Redemption (1994),Forrest Gump (1994),Pulp Fiction (1994),The Shawshank Redemption (1994),The Godfather (1972),Planet Earth (2006),For Greater Glory: The True Story of Cristiada (2012),Pokemon the Movie: White - Victini and Zekrom (2011),Daddy (2004)
S009,דניאל,35:16.9,Spider-Man 2 (2004); Arrival (2016); The Room (2003),Spider-Man (2002),X2: X-Men United (2003),X-Men (2000),The Shawshank Redemption (1994),Forrest Gump (1994),Pulp Fiction (1994),The Shawshank Redemption (1994),The Godfather (1972),Planet Earth (2006),Space Babes from Outer Space (2017),Cat on a Hot Tin Roof (1984),The Delivery (1999)
S010,Yonatan Vologdin,37:55.1,Spider-Man: Into the Spider-Verse (2018); Pacific Rim (2013); Pacific Rim: Uprising (2018),Guardians of the Galaxy (2014),Logan (2017),Thor: Ragnarok (2017),The Shawshank Redemption (1994),Forrest Gump (1994),Pulp Fiction (1994),The Shawshank Redemption (1994),The Godfather (1972),Planet Earth (2006),Header (2006),The Connection (1962),Cazuza - O Tempo Nao Para (2004)
S011,מדלין גבאי,30:49.5,The Diving Bell and the Butterfly (Le Scaphandre et le papillon) (2007); Interstellar (2014); Call Me by Your Name (2017),Inception (2010),The Martian (2015),The Imitation Game (2014),The Shawshank Redemption (1994),Forrest Gump (1994),Pulp Fiction (1994),The Shawshank Redemption (1994),The Godfather (1972),Planet Earth (2006),Guys and Dolls (2007),Good King Wenceslas (1994),Eine Insel namens Udo (2011)
S012,עמרי,06:00.4,GoldenEye (1995); Ace Ventura: When Nature Calls (1995); Happy Gilmore (1996),Ace Ventura: Pet Detective (1994),Dumb & Dumber (1994),Tommy Boy (1995),The Shawshank Redemption (1994),Forrest Gump (1994),Pulp Fiction (1994),The Shawshank Redemption (1994),The Godfather (1972),Planet Earth (2006),Andover (2018),Maryada Ramanna (2010),We Always Find Ourselves in the Sea (2017)
S013,בר,29:07.3,Shutter Island (2010); A Cinderella Story (2004); Dallas Buyers Club (2013),Gone Girl (2014),The Prestige (2006),Joker (2019),The Shawshank Redemption (1994),Forrest Gump (1994),Pulp Fiction (1994),The Shawshank Redemption (1994),The Godfather (1972),Planet Earth (2006),The King's Letters (2019),Radio On (1980),Adicolor Yellow (2006)
S014,פנינה טובול,43:15.1,Shutter Island (2010); The Butterfly Effect 3: Revelations (2009); Inside Out (2011),The Prestige (2006),Gone Girl (2014),Interstellar (2014),The Shawshank Redemption (1994),Forrest Gump (1994),Pulp Fiction (1994),The Shawshank Redemption (1994),The Godfather (1972),Planet Earth (2006),The Family Way (1966),Terkel in Trouble (Terkel i knibe) (2004),A Bug's Life (1998)
S015,לירז המלכה 👑,22:54.3,The Shawshank Redemption (1994); Inception (2010); Titanic (1997),Interstellar (2014),Intouchables (2011),Angle Mort (2011),Forrest Gump (1994),Pulp Fiction (1994),The Matrix (1999),The Godfather (1972),Planet Earth (2006),Band of Brothers (2001),Ben's at Home (2014),Siberians (1940),Moscow Zero (2006)
